hadoop-yarn-project/hadoop-yarn/hadoop-yarn-server/hadoop-yarn-server-resourcemanager/src/main/java/org/apache/hadoop/yarn/server/resourcemanager/metrics/TimelineServiceV1Publisher.java,1
hadoop-yarn-project/hadoop-yarn/hadoop-yarn-server/hadoop-yarn-server-resourcemanager/src/main/java/org/apache/hadoop/yarn/server/resourcemanager/webapp/NodesPage.java,2
hadoop-yarn-project/hadoop-yarn/hadoop-yarn-server/hadoop-yarn-server-resourcemanager/src/main/java/org/apache/hadoop/yarn/server/resourcemanager/scheduler/capacity/CapacitySchedulerConfiguration.java,1
hadoop-yarn-project/hadoop-yarn/hadoop-yarn-server/hadoop-yarn-server-resourcemanager/src/test/java/org/apache/hadoop/yarn/server/resourcemanager/scheduler/capacity/TestCapacityScheduler.java,1
hadoop-tools/hadoop-aliyun/src/main/java/org/apache/hadoop/fs/aliyun/oss/AliyunOSSBlockOutputStream.java,1
hadoop-tools/hadoop-aliyun/src/main/java/org/apache/hadoop/fs/aliyun/oss/AliyunOSSFileSystemStore.java,1
hadoop-tools/hadoop-aliyun/src/main/java/org/apache/hadoop/fs/aliyun/oss/AliyunOSSUtils.java,1
hadoop-tools/hadoop-aliyun/src/test/java/org/apache/hadoop/fs/aliyun/oss/TestAliyunCredentials.java,1
hadoop-common-project/hadoop-common/src/main/java/org/apache/hadoop/crypto/key/kms/KMSClientProvider.java,1
hadoop-common-project/hadoop-common/src/test/java/org/apache/hadoop/crypto/key/kms/TestLoadBalancingKMSClientProvider.java,2
hadoop-yarn-project/hadoop-yarn/hadoop-yarn-common/src/main/java/org/apache/hadoop/yarn/security/ContainerTokenIdentifier.java,1
hadoop-yarn-project/hadoop-yarn/hadoop-yarn-common/src/test/java/org/apache/hadoop/yarn/security/TestYARNTokenIdentifier.java,1
hadoop-common-project/hadoop-common/src/main/java/org/apache/hadoop/fs/CommonConfigurationKeysPublic.java,2
hadoop-yarn-project/hadoop-yarn/hadoop-yarn-ui/src/main/webapp/WEB-INF/web.xml,1
hadoop-common-project/hadoop-common/src/main/java/org/apache/hadoop/security/token/DelegationTokenIssuer.java,1
hadoop-yarn-project/hadoop-yarn/hadoop-yarn-applications/hadoop-yarn-services/hadoop-yarn-services-api/src/main/java/org/apache/hadoop/yarn/service/client/ApiServiceClient.java,3
hadoop-yarn-project/hadoop-yarn/hadoop-yarn-applications/hadoop-yarn-services/hadoop-yarn-services-api/src/test/java/org/apache/hadoop/yarn/service/client/TestSecureApiServiceClient.java,2
hadoop-yarn-project/hadoop-yarn/hadoop-yarn-server/hadoop-yarn-server-resourcemanager/src/main/java/org/apache/hadoop/yarn/server/resourcemanager/OpportunisticContainerAllocatorAMService.java,1
hadoop-yarn-project/hadoop-yarn/hadoop-yarn-server/hadoop-yarn-server-resourcemanager/src/main/java/org/apache/hadoop/yarn/server/resourcemanager/ResourceManager.java,1
hadoop-yarn-project/hadoop-yarn/hadoop-yarn-server/hadoop-yarn-server-resourcemanager/src/test/java/org/apache/hadoop/yarn/server/resourcemanager/TestRMHA.java,1
hadoop-yarn-project/hadoop-yarn/hadoop-yarn-server/hadoop-yarn-server-resourcemanager/src/main/java/org/apache/hadoop/yarn/server/resourcemanager/RMAppManager.java,2
hadoop-yarn-project/hadoop-yarn/hadoop-yarn-server/hadoop-yarn-server-resourcemanager/src/main/java/org/apache/hadoop/yarn/server/resourcemanager/placement/PlacementManager.java,2
hadoop-yarn-project/hadoop-yarn/hadoop-yarn-server/hadoop-yarn-server-resourcemanager/src/test/java/org/apache/hadoop/yarn/server/resourcemanager/TestWorkPreservingRMRestart.java,1
hadoop-yarn-project/hadoop-yarn/hadoop-yarn-server/hadoop-yarn-server-resourcemanager/src/test/java/org/apache/hadoop/yarn/server/resourcemanager/placement/TestPlacementManager.java,1
hadoop-mapreduce-project/hadoop-mapreduce-client/hadoop-mapreduce-client-common/src/main/java/org/apache/hadoop/mapreduce/v2/util/LocalResourceBuilder.java,1
hadoop-mapreduce-project/hadoop-mapreduce-client/hadoop-mapreduce-client-common/src/test/java/org/apache/hadoop/mapreduce/v2/util/TestMRApps.java,1
hadoop-yarn-project/hadoop-yarn/hadoop-yarn-ui/src/main/webapp/app/initializers/loader.js,3
,3
hadoop-yarn-project/hadoop-yarn/hadoop-yarn-server/hadoop-yarn-server-common/src/main/java/org/apache/hadoop/yarn/server/api/ServerRMProxy.java,1
hadoop-yarn-project/hadoop-yarn/hadoop-yarn-server/hadoop-yarn-server-common/src/test/java/org/apache/hadoop/yarn/server/api/TestServerRMProxy.java,1
hadoop-yarn-project/hadoop-yarn/hadoop-yarn-site/src/site/markdown/yarn-service/Concepts.md,1
hadoop-yarn-project/hadoop-yarn/hadoop-yarn-site/src/site/markdown/yarn-service/Overview.md,1
hadoop-yarn-project/hadoop-yarn/hadoop-yarn-site/src/site/markdown/yarn-service/QuickStart.md,2
hadoop-yarn-project/hadoop-yarn/hadoop-yarn-site/src/site/markdown/yarn-service/RegistryDNS.md,1
hadoop-yarn-project/hadoop-yarn/hadoop-yarn-site/src/site/markdown/yarn-service/ServiceDiscovery.md,1
hadoop-yarn-project/hadoop-yarn/hadoop-yarn-server/hadoop-yarn-server-resourcemanager/src/test/java/org/apache/hadoop/yarn/server/resourcemanager/rmapp/attempt/TestRMAppAttemptTransitions.java,1
hadoop-yarn-project/hadoop-yarn/hadoop-yarn-applications/hadoop-yarn-services/hadoop-yarn-services-core/src/main/java/org/apache/hadoop/yarn/service/component/NeverRestartPolicy.java,1
hadoop-yarn-project/hadoop-yarn/hadoop-yarn-applications/hadoop-yarn-services/hadoop-yarn-services-core/src/main/java/org/apache/hadoop/yarn/service/component/OnFailureRestartPolicy.java,1
hadoop-yarn-project/hadoop-yarn/hadoop-yarn-applications/hadoop-yarn-services/hadoop-yarn-services-core/src/test/java/org/apache/hadoop/yarn/service/component/TestComponentRestartPolicy.java,1
hadoop-yarn-project/hadoop-yarn/hadoop-yarn-applications/hadoop-yarn-services/hadoop-yarn-services-core/src/test/java/org/apache/hadoop/yarn/service/monitor/TestServiceMonitor.java,1
hadoop-yarn-project/hadoop-yarn/hadoop-yarn-ui/src/main/webapp/bower.json,1
hadoop-tools/hadoop-aws/src/test/java/org/apache/hadoop/fs/s3a/commit/AbstractITCommitProtocol.java,1
hadoop-tools/hadoop-distcp/src/main/java/org/apache/hadoop/tools/mapred/CopyCommitter.java,1
hadoop-tools/hadoop-distcp/src/test/java/org/apache/hadoop/tools/mapred/TestCopyCommitter.java,1
hadoop-yarn-project/hadoop-yarn/hadoop-yarn-applications/hadoop-yarn-services/hadoop-yarn-services-core/src/main/java/org/apache/hadoop/yarn/service/component/instance/ComponentInstance.java,4
hadoop-yarn-project/hadoop-yarn/hadoop-yarn-applications/hadoop-yarn-services/hadoop-yarn-services-core/src/test/java/org/apache/hadoop/yarn/service/component/instance/TestComponentInstance.java,2
hadoop-yarn-project/hadoop-yarn/hadoop-yarn-server/hadoop-yarn-server-nodemanager/src/main/java/org/apache/hadoop/yarn/server/nodemanager/containermanager/container/ContainerImpl.java,3
hadoop-yarn-project/hadoop-yarn/hadoop-yarn-server/hadoop-yarn-server-nodemanager/src/main/java/org/apache/hadoop/yarn/server/nodemanager/containermanager/monitor/ContainerMetrics.java,1
hadoop-yarn-project/hadoop-yarn/hadoop-yarn-server/hadoop-yarn-server-nodemanager/src/main/java/org/apache/hadoop/yarn/server/nodemanager/containermanager/monitor/ContainerStopMonitoringEvent.java,1
hadoop-yarn-project/hadoop-yarn/hadoop-yarn-server/hadoop-yarn-server-nodemanager/src/main/java/org/apache/hadoop/yarn/server/nodemanager/containermanager/monitor/ContainersMonitorImpl.java,1
hadoop-yarn-project/hadoop-yarn/hadoop-yarn-server/hadoop-yarn-server-nodemanager/src/test/java/org/apache/hadoop/yarn/server/nodemanager/containermanager/monitor/TestContainerMetrics.java,1
hadoop-yarn-project/hadoop-yarn/hadoop-yarn-applications/hadoop-yarn-services/hadoop-yarn-services-core/src/main/java/org/apache/hadoop/yarn/service/ServiceScheduler.java,2
hadoop-yarn-project/hadoop-yarn/hadoop-yarn-applications/hadoop-yarn-services/hadoop-yarn-services-core/src/main/java/org/apache/hadoop/yarn/service/component/Component.java,2
hadoop-yarn-project/hadoop-yarn/hadoop-yarn-applications/hadoop-yarn-services/hadoop-yarn-services-core/src/main/java/org/apache/hadoop/yarn/service/component/instance/ComponentInstanceState.java,1
hadoop-yarn-project/hadoop-yarn/hadoop-yarn-applications/hadoop-yarn-services/hadoop-yarn-services-core/src/main/java/org/apache/hadoop/yarn/service/monitor/ServiceMonitor.java,1
hadoop-yarn-project/hadoop-yarn/hadoop-yarn-applications/hadoop-yarn-services/hadoop-yarn-services-core/src/test/java/org/apache/hadoop/yarn/service/TestServiceManager.java,1
hadoop-yarn-project/hadoop-yarn/hadoop-yarn-applications/hadoop-yarn-services/hadoop-yarn-services-core/src/test/java/org/apache/hadoop/yarn/service/TestYarnNativeServices.java,1
hadoop-yarn-project/hadoop-yarn/hadoop-yarn-applications/hadoop-yarn-services/hadoop-yarn-services-core/src/test/java/org/apache/hadoop/yarn/service/component/TestComponent.java,1
hadoop-yarn-project/hadoop-yarn/hadoop-yarn-server/hadoop-yarn-server-resourcemanager/src/main/java/org/apache/hadoop/yarn/server/resourcemanager/recovery/RMStateStore.java,2
hadoop-yarn-project/hadoop-yarn/hadoop-yarn-server/hadoop-yarn-server-resourcemanager/src/test/java/org/apache/hadoop/yarn/server/resourcemanager/MockRM.java,2
hadoop-yarn-project/hadoop-yarn/hadoop-yarn-server/hadoop-yarn-server-resourcemanager/src/test/java/org/apache/hadoop/yarn/server/resourcemanager/TestRMRestart.java,3
hadoop-common-project/hadoop-common/src/main/java/org/apache/hadoop/crypto/key/kms/LoadBalancingKMSClientProvider.java,1
hadoop-yarn-project/hadoop-yarn/hadoop-yarn-applications/hadoop-yarn-services/hadoop-yarn-services-api/pom.xml,1
hadoop-yarn-project/hadoop-yarn/hadoop-yarn-server/hadoop-yarn-server-resourcemanager/src/main/java/org/apache/hadoop/yarn/server/resourcemanager/scheduler/SchedulerApplicationAttempt.java,2
hadoop-yarn-project/hadoop-yarn/hadoop-yarn-server/hadoop-yarn-server-resourcemanager/src/main/java/org/apache/hadoop/yarn/server/resourcemanager/scheduler/fair/FairScheduler.java,1
hadoop-yarn-project/hadoop-yarn/hadoop-yarn-server/hadoop-yarn-server-resourcemanager/src/test/java/org/apache/hadoop/yarn/server/resourcemanager/applicationsmanager/TestAMRestart.java,2
hadoop-yarn-project/hadoop-yarn/hadoop-yarn-registry/src/main/java/org/apache/hadoop/registry/server/dns/LookupTask.java,1
hadoop-yarn-project/hadoop-yarn/hadoop-yarn-registry/src/main/java/org/apache/hadoop/registry/server/dns/RegistryDNS.java,3
hadoop-yarn-project/hadoop-yarn/hadoop-yarn-registry/src/test/java/org/apache/hadoop/registry/server/dns/TestRegistryDNS.java,2
hadoop-yarn-project/hadoop-yarn/hadoop-yarn-server/hadoop-yarn-server-nodemanager/src/main/java/org/apache/hadoop/yarn/server/nodemanager/recovery/NMLeveldbStateStoreService.java,1
hadoop-yarn-project/hadoop-yarn/hadoop-yarn-server/hadoop-yarn-server-nodemanager/src/test/java/org/apache/hadoop/yarn/server/nodemanager/recovery/TestNMLeveldbStateStoreService.java,1
hadoop-yarn-project/hadoop-yarn/hadoop-yarn-ui/src/main/webapp/app/adapters/yarn-app-log.js,1
hadoop-yarn-project/hadoop-yarn/hadoop-yarn-ui/src/main/webapp/app/adapters/yarn-log.js,1
hadoop-yarn-project/hadoop-yarn/hadoop-yarn-ui/src/main/webapp/app/controllers/yarn-app/logs.js,1
hadoop-yarn-project/hadoop-yarn/hadoop-yarn-ui/src/main/webapp/app/models/yarn-app-log.js,1
hadoop-yarn-project/hadoop-yarn/hadoop-yarn-ui/src/main/webapp/app/serializers/yarn-app-log.js,1
hadoop-yarn-project/hadoop-yarn/hadoop-yarn-ui/src/main/webapp/app/utils/converter.js,1
hadoop-yarn-project/hadoop-yarn/hadoop-yarn-ui/src/main/webapp/tests/unit/adapters/yarn-app-log-test.js,1
hadoop-yarn-project/hadoop-yarn/hadoop-yarn-server/hadoop-yarn-server-resourcemanager/src/main/java/org/apache/hadoop/yarn/server/resourcemanager/rmapp/RMAppImpl.java,2
hadoop-yarn-project/hadoop-yarn/hadoop-yarn-server/hadoop-yarn-server-resourcemanager/src/test/java/org/apache/hadoop/yarn/server/resourcemanager/TestAppManager.java,1
hadoop-yarn-project/hadoop-yarn/hadoop-yarn-applications/hadoop-yarn-services/hadoop-yarn-services-core/src/test/java/org/apache/hadoop/yarn/service/MockServiceAM.java,1
hadoop-yarn-project/hadoop-yarn/hadoop-yarn-applications/hadoop-yarn-services/hadoop-yarn-services-core/src/test/java/org/apache/hadoop/yarn/service/TestServiceAM.java,1
hadoop-yarn-project/hadoop-yarn/hadoop-yarn-server/hadoop-yarn-server-nodemanager/src/test/java/org/apache/hadoop/yarn/server/nodemanager/containermanager/linux/runtime/docker/TestDockerClient.java,1
hadoop-yarn-project/hadoop-yarn/hadoop-yarn-applications/hadoop-yarn-services/hadoop-yarn-services-core/src/main/java/org/apache/hadoop/yarn/service/client/ServiceClient.java,5
hadoop-yarn-project/hadoop-yarn/hadoop-yarn-applications/hadoop-yarn-services/hadoop-yarn-services-core/src/main/java/org/apache/hadoop/yarn/service/exceptions/RestApiErrorMessages.java,4
hadoop-yarn-project/hadoop-yarn/hadoop-yarn-applications/hadoop-yarn-services/hadoop-yarn-services-core/src/main/java/org/apache/hadoop/yarn/service/utils/ServiceApiUtil.java,5
hadoop-yarn-project/hadoop-yarn/hadoop-yarn-applications/hadoop-yarn-services/hadoop-yarn-services-core/src/test/java/org/apache/hadoop/yarn/service/TestServiceApiUtil.java,3
hadoop-yarn-project/hadoop-yarn/hadoop-yarn-server/hadoop-yarn-server-resourcemanager/src/main/java/org/apache/hadoop/yarn/server/resourcemanager/rmapp/attempt/RMAppAttemptMetrics.java,2
hadoop-mapreduce-project/hadoop-mapreduce-client/hadoop-mapreduce-client-core/src/main/java/org/apache/hadoop/mapred/pipes/Application.java,1
hadoop-mapreduce-project/hadoop-mapreduce-client/hadoop-mapreduce-client-jobclient/src/test/java/org/apache/hadoop/mapred/pipes/TestPipeApplication.java,1
hadoop-yarn-project/hadoop-yarn/hadoop-yarn-server/hadoop-yarn-server-nodemanager/src/main/native/container-executor/impl/container-executor.c,1
hadoop-yarn-project/hadoop-yarn/hadoop-yarn-server/hadoop-yarn-server-resourcemanager/src/main/java/org/apache/hadoop/yarn/server/resourcemanager/rmapp/attempt/RMAppAttemptImpl.java,2
hadoop-yarn-project/hadoop-yarn/hadoop-yarn-site/src/site/markdown/TimelineServiceV2.md,1
hadoop-tools/hadoop-aws/src/main/java/org/apache/hadoop/fs/s3a/s3guard/DynamoDBMetadataStore.java,1
hadoop-tools/hadoop-aws/src/test/java/org/apache/hadoop/fs/s3a/s3guard/ITestDynamoDBMetadataStore.java,1
hadoop-tools/hadoop-aws/src/test/java/org/apache/hadoop/fs/s3a/auth/ITestAssumeRole.java,1
hadoop-tools/hadoop-aws/src/test/java/org/apache/hadoop/fs/s3a/auth/RoleTestUtils.java,1
hadoop-hdfs-project/hadoop-hdfs/src/main/webapps/secondary/status.html,2
hadoop-tools/hadoop-azure/src/main/java/org/apache/hadoop/fs/azure/AzureNativeFileSystemStore.java,1
hadoop-tools/hadoop-azure/src/main/java/org/apache/hadoop/fs/azure/LocalSASKeyGeneratorImpl.java,1
hadoop-tools/hadoop-azure/src/main/java/org/apache/hadoop/fs/azure/SecureStorageInterfaceImpl.java,1
hadoop-tools/hadoop-azure/src/test/java/org/apache/hadoop/fs/azure/AzureBlobStorageTestAccount.java,1
hadoop-tools/hadoop-azure/src/test/java/org/apache/hadoop/fs/azure/ITestWasbUriAndConfiguration.java,1
hadoop-yarn-project/hadoop-yarn/hadoop-yarn-server/hadoop-yarn-server-nodemanager/src/main/java/org/apache/hadoop/yarn/server/nodemanager/containermanager/ContainerManagerImpl.java,1
hadoop-yarn-project/hadoop-yarn/hadoop-yarn-server/hadoop-yarn-server-nodemanager/src/main/java/org/apache/hadoop/yarn/server/nodemanager/containermanager/application/ApplicationImpl.java,2
hadoop-yarn-project/hadoop-yarn/hadoop-yarn-server/hadoop-yarn-server-nodemanager/src/test/java/org/apache/hadoop/yarn/server/nodemanager/containermanager/BaseContainerManagerTest.java,1
hadoop-yarn-project/hadoop-yarn/hadoop-yarn-server/hadoop-yarn-server-nodemanager/src/test/java/org/apache/hadoop/yarn/server/nodemanager/containermanager/TestContainerManagerRecovery.java,1
hadoop-common-project/hadoop-common/src/main/java/org/apache/hadoop/fs/TrashPolicyDefault.java,2
hadoop-common-project/hadoop-common/src/test/java/org/apache/hadoop/fs/TestTrash.java,1
hadoop-hdfs-project/hadoop-hdfs/src/main/java/org/apache/hadoop/hdfs/server/datanode/fsdataset/impl/FsDatasetImpl.java,3
hadoop-hdfs-project/hadoop-hdfs/src/main/java/org/apache/hadoop/hdfs/server/namenode/ContentSummaryComputationContext.java,2
hadoop-hdfs-project/hadoop-hdfs/src/main/java/org/apache/hadoop/hdfs/server/namenode/ErasureCodingPolicyManager.java,1
hadoop-hdfs-project/hadoop-hdfs/src/test/resources/testErasureCodingConf.xml,2
hadoop-hdfs-project/hadoop-hdfs/src/main/java/org/apache/hadoop/hdfs/server/namenode/NamenodeFsck.java,1
hadoop-hdfs-project/hadoop-hdfs/src/test/java/org/apache/hadoop/hdfs/server/blockmanagement/TestBlockInfoStriped.java,1
hadoop-tools/hadoop-distcp/src/main/java/org/apache/hadoop/tools/util/DistCpUtils.java,1
hadoop-tools/hadoop-distcp/src/test/java/org/apache/hadoop/tools/util/TestDistCpUtils.java,1
hadoop-hdfs-project/hadoop-hdfs/src/main/java/org/apache/hadoop/hdfs/qjournal/server/JournalNodeSyncer.java,1
hadoop-hdfs-project/hadoop-hdfs/src/main/java/org/apache/hadoop/hdfs/tools/offlineImageViewer/FSImageHandler.java,1
hadoop-hdfs-project/hadoop-hdfs/src/test/java/org/apache/hadoop/hdfs/tools/offlineImageViewer/TestOfflineImageViewer.java,1
hadoop-yarn-project/hadoop-yarn/hadoop-yarn-applications/hadoop-yarn-applications-distributedshell/pom.xml,1
hadoop-hdfs-project/hadoop-hdfs/src/main/java/org/apache/hadoop/hdfs/DFSConfigKeys.java,1
hadoop-hdfs-project/hadoop-hdfs/src/main/java/org/apache/hadoop/hdfs/server/datanode/DataNode.java,2
hadoop-hdfs-project/hadoop-hdfs/src/main/java/org/apache/hadoop/hdfs/server/datanode/fsdataset/impl/BlockPoolSlice.java,2
hadoop-hdfs-project/hadoop-hdfs/src/main/java/org/apache/hadoop/hdfs/server/datanode/fsdataset/impl/FsDatasetUtil.java,1
hadoop-hdfs-project/hadoop-hdfs/src/main/java/org/apache/hadoop/hdfs/server/datanode/fsdataset/impl/FsVolumeList.java,1
hadoop-hdfs-project/hadoop-hdfs/src/main/java/org/apache/hadoop/hdfs/server/datanode/fsdataset/impl/ReplicaMap.java,2
hadoop-hdfs-project/hadoop-hdfs/src/main/resources/hdfs-default.xml,2
hadoop-hdfs-project/hadoop-hdfs/src/test/java/org/apache/hadoop/hdfs/server/datanode/fsdataset/impl/TestFsVolumeList.java,1
hadoop-hdfs-project/hadoop-hdfs/src/main/java/org/apache/hadoop/hdfs/tools/DFSZKFailoverController.java,1
hadoop-common-project/hadoop-common/src/main/native/src/org/apache/hadoop/io/erasurecode/jni_xor_decoder.c,1
hadoop-mapreduce-project/hadoop-mapreduce-examples/src/main/java/org/apache/hadoop/examples/WordMedian.java,1
hadoop-mapreduce-project/hadoop-mapreduce-client/hadoop-mapreduce-client-uploader/pom.xml,1
hadoop-mapreduce-project/hadoop-mapreduce-client/hadoop-mapreduce-client-uploader/src/main/java/org/apache/hadoop/mapred/uploader/FrameworkUploader.java,2
hadoop-mapreduce-project/hadoop-mapreduce-client/hadoop-mapreduce-client-uploader/src/test/java/org/apache/hadoop/mapred/uploader/TestFrameworkUploader.java,2
hadoop-project/pom.xml,2
hadoop-yarn-project/hadoop-yarn/hadoop-yarn-applications/hadoop-yarn-services/hadoop-yarn-services-api/src/main/java/org/apache/hadoop/yarn/service/webapp/ApiServer.java,1
hadoop-yarn-project/hadoop-yarn/hadoop-yarn-applications/hadoop-yarn-services/hadoop-yarn-services-api/src/test/java/org/apache/hadoop/yarn/service/ServiceClientTest.java,1
hadoop-yarn-project/hadoop-yarn/hadoop-yarn-server/hadoop-yarn-server-resourcemanager/src/main/java/org/apache/hadoop/yarn/server/resourcemanager/scheduler/fair/FSLeafQueue.java,1
hadoop-yarn-project/hadoop-yarn/hadoop-yarn-server/hadoop-yarn-server-resourcemanager/src/main/java/org/apache/hadoop/yarn/server/resourcemanager/scheduler/fair/FSParentQueue.java,2
hadoop-yarn-project/hadoop-yarn/hadoop-yarn-server/hadoop-yarn-server-resourcemanager/src/main/java/org/apache/hadoop/yarn/server/resourcemanager/scheduler/fair/FSQueue.java,1
hadoop-yarn-project/hadoop-yarn/hadoop-yarn-server/hadoop-yarn-server-resourcemanager/src/main/java/org/apache/hadoop/yarn/server/resourcemanager/scheduler/fair/QueueManager.java,1
hadoop-yarn-project/hadoop-yarn/hadoop-yarn-server/hadoop-yarn-server-resourcemanager/src/test/java/org/apache/hadoop/yarn/server/resourcemanager/scheduler/fair/TestFSParentQueue.java,1
hadoop-yarn-project/hadoop-yarn/hadoop-yarn-server/hadoop-yarn-server-resourcemanager/src/test/java/org/apache/hadoop/yarn/server/resourcemanager/scheduler/fair/TestQueueManager.java,1
hadoop-common-project/hadoop-common/src/main/java/org/apache/hadoop/util/curator/ZKCuratorManager.java,2
hadoop-common-project/hadoop-common/src/test/java/org/apache/hadoop/util/curator/TestZKCuratorManager.java,1
hadoop-hdfs-project/hadoop-hdfs-rbf/src/test/java/org/apache/hadoop/hdfs/server/federation/store/driver/TestStateStoreZK.java,1
hadoop-yarn-project/hadoop-yarn/hadoop-yarn-applications/hadoop-yarn-services/hadoop-yarn-services-core/src/test/java/org/apache/hadoop/yarn/service/utils/TestServiceApiUtil.java,1
hadoop-mapreduce-project/hadoop-mapreduce-client/hadoop-mapreduce-client-shuffle/src/main/java/org/apache/hadoop/mapred/ShuffleHandler.java,1
hadoop-common-project/hadoop-common/src/main/java/org/apache/hadoop/security/token/delegation/AbstractDelegationTokenSecretManager.java,1
hadoop-mapreduce-project/hadoop-mapreduce-client/hadoop-mapreduce-client-hs/src/test/java/org/apache/hadoop/mapreduce/v2/hs/TestJHSDelegationTokenSecretManager.java,1
hadoop-yarn-project/hadoop-yarn/hadoop-yarn-server/hadoop-yarn-server-resourcemanager/src/test/java/org/apache/hadoop/yarn/server/resourcemanager/security/TestRMDelegationTokens.java,1
hadoop-hdfs-project/hadoop-hdfs/src/main/java/org/apache/hadoop/hdfs/util/PersistentLongFile.java,1
hadoop-hdfs-project/hadoop-hdfs/src/test/java/org/apache/hadoop/hdfs/server/namenode/TestSaveNamespace.java,1
hadoop-yarn-project/hadoop-yarn/hadoop-yarn-server/hadoop-yarn-server-resourcemanager/src/test/java/org/apache/hadoop/yarn/server/resourcemanager/MockMemoryRMStateStore.java,1
hadoop-tools/hadoop-fs2img/src/main/java/org/apache/hadoop/hdfs/server/namenode/ImageWriter.java,1
hadoop-hdfs-project/hadoop-hdfs-rbf/src/main/webapps/router/federationhealth.js,1
hadoop-hdfs-project/hadoop-hdfs/src/main/java/org/apache/hadoop/hdfs/server/namenode/FSPermissionChecker.java,1
hadoop-hdfs-project/hadoop-hdfs/src/test/java/org/apache/hadoop/hdfs/server/namenode/TestINodeAttributeProvider.java,1
hadoop-hdfs-project/hadoop-hdfs-rbf/src/site/markdown/HDFSRouterFederation.md,1
hadoop-mapreduce-project/hadoop-mapreduce-client/hadoop-mapreduce-client-core/src/main/java/org/apache/hadoop/mapreduce/MRConfig.java,1
hadoop-mapreduce-project/hadoop-mapreduce-client/hadoop-mapreduce-client-core/src/main/resources/mapred-default.xml,1
hadoop-mapreduce-project/hadoop-mapreduce-client/hadoop-mapreduce-client-core/src/test/java/org/apache/hadoop/mapreduce/split/TestJobSplitWriterWithEC.java,1
hadoop-yarn-project/hadoop-yarn/hadoop-yarn-ui/src/main/webapp/app/models/cluster-metric.js,1
hadoop-yarn-project/hadoop-yarn/hadoop-yarn-ui/src/main/webapp/app/templates/yarn-queue.hbs,1
hadoop-common-project/hadoop-common/src/main/resources/core-default.xml,2
hadoop-yarn-project/hadoop-yarn/hadoop-yarn-registry/src/main/java/org/apache/hadoop/registry/client/api/RegistryConstants.java,1
hadoop-yarn-project/hadoop-yarn/hadoop-yarn-site/src/site/markdown/registry/registry-configuration.md,1
hadoop-yarn-project/hadoop-yarn/hadoop-yarn-site/src/site/markdown/registry/yarn-registry.md,2
hadoop-common-project/hadoop-kms/src/main/java/org/apache/hadoop/crypto/key/kms/server/KMSJSONReader.java,1
hadoop-tools/hadoop-aws/src/main/java/org/apache/hadoop/fs/s3a/S3AInputStream.java,1
hadoop-yarn-project/hadoop-yarn/hadoop-yarn-server/hadoop-yarn-server-nodemanager/src/main/java/org/apache/hadoop/yarn/server/nodemanager/containermanager/launcher/ContainerLaunch.java,2
hadoop-yarn-project/hadoop-yarn/hadoop-yarn-server/hadoop-yarn-server-nodemanager/src/test/java/org/apache/hadoop/yarn/server/nodemanager/containermanager/launcher/TestContainerLaunch.java,1
hadoop-hdfs-project/hadoop-hdfs-client/src/main/java/org/apache/hadoop/hdfs/DFSClient.java,1
hadoop-hdfs-project/hadoop-hdfs/src/main/java/org/apache/hadoop/hdfs/server/namenode/snapshot/DirectorySnapshottableFeature.java,1
hadoop-hdfs-project/hadoop-hdfs/src/test/java/org/apache/hadoop/hdfs/server/namenode/snapshot/TestSnapshotDiffReport.java,1
hadoop-hdfs-project/hadoop-hdfs/src/test/java/org/apache/hadoop/hdfs/web/TestWebHDFS.java,4
hadoop-hdfs-project/hadoop-hdfs-httpfs/src/main/java/org/apache/hadoop/fs/http/client/HttpFSFileSystem.java,1
hadoop-hdfs-project/hadoop-hdfs-httpfs/src/main/java/org/apache/hadoop/fs/http/server/FSOperations.java,1
hadoop-hdfs-project/hadoop-hdfs-httpfs/src/test/java/org/apache/hadoop/fs/http/client/BaseTestHttpFSWith.java,1
hadoop-hdfs-project/hadoop-hdfs-client/src/main/java/org/apache/hadoop/hdfs/web/JsonUtilClient.java,3
hadoop-hdfs-project/hadoop-hdfs/src/main/java/org/apache/hadoop/hdfs/server/blockmanagement/BlockManagerSafeMode.java,1
hadoop-hdfs-project/hadoop-hdfs/src/test/java/org/apache/hadoop/hdfs/server/blockmanagement/TestBlockManagerSafeMode.java,1
hadoop-common-project/hadoop-kms/src/main/java/org/apache/hadoop/crypto/key/kms/server/KMSConfiguration.java,1
hadoop-common-project/hadoop-kms/src/main/java/org/apache/hadoop/crypto/key/kms/server/KMSWebApp.java,1
hadoop-common-project/hadoop-kms/src/main/java/org/apache/hadoop/crypto/key/kms/server/KMSWebServer.java,1
hadoop-yarn-project/hadoop-yarn/hadoop-yarn-site/src/site/markdown/OpportunisticContainers.md.vm,1
hadoop-yarn-project/hadoop-yarn/hadoop-yarn-server/hadoop-yarn-server-nodemanager/src/main/java/org/apache/hadoop/yarn/server/nodemanager/containermanager/linux/runtime/DockerLinuxContainerRuntime.java,1
hadoop-yarn-project/hadoop-yarn/hadoop-yarn-server/hadoop-yarn-server-nodemanager/src/main/java/org/apache/hadoop/yarn/server/nodemanager/containermanager/localizer/LocalResourcesTrackerImpl.java,1
hadoop-yarn-project/hadoop-yarn/hadoop-yarn-server/hadoop-yarn-server-nodemanager/src/main/java/org/apache/hadoop/yarn/server/nodemanager/containermanager/localizer/ResourceLocalizationService.java,1
hadoop-yarn-project/hadoop-yarn/hadoop-yarn-server/hadoop-yarn-server-nodemanager/src/test/java/org/apache/hadoop/yarn/server/nodemanager/containermanager/localizer/TestResourceLocalizationService.java,1
hadoop-hdfs-project/hadoop-hdfs/src/main/webapps/hdfs/explorer.js,1
hadoop-yarn-project/hadoop-yarn/hadoop-yarn-server/hadoop-yarn-server-resourcemanager/src/main/java/org/apache/hadoop/yarn/server/resourcemanager/scheduler/constraint/AllocationTagsManager.java,1
hadoop-yarn-project/hadoop-yarn/hadoop-yarn-server/hadoop-yarn-server-resourcemanager/src/test/java/org/apache/hadoop/yarn/server/resourcemanager/scheduler/constraint/TestAllocationTagsManager.java,1
hadoop-yarn-project/hadoop-yarn/hadoop-yarn-server/hadoop-yarn-server-resourcemanager/src/test/java/org/apache/hadoop/yarn/server/resourcemanager/scheduler/constraint/TestPlacementConstraintsUtil.java,1
hadoop-yarn-project/hadoop-yarn/hadoop-yarn-server/hadoop-yarn-server-nodemanager/src/main/java/org/apache/hadoop/yarn/server/nodemanager/containermanager/launcher/ContainersLauncher.java,1
hadoop-yarn-project/hadoop-yarn/hadoop-yarn-server/hadoop-yarn-server-nodemanager/src/test/java/org/apache/hadoop/yarn/server/nodemanager/containermanager/container/TestContainer.java,1
hadoop-yarn-project/hadoop-yarn/hadoop-yarn-ui/src/main/webapp/app/templates/yarn-component-instance/info.hbs,1
hadoop-yarn-project/hadoop-yarn/hadoop-yarn-applications/hadoop-yarn-services/hadoop-yarn-services-core/src/main/java/org/apache/hadoop/yarn/service/provider/AbstractClientProvider.java,1
hadoop-yarn-project/hadoop-yarn/hadoop-yarn-applications/hadoop-yarn-services/hadoop-yarn-services-core/src/main/java/org/apache/hadoop/yarn/service/provider/defaultImpl/DefaultClientProvider.java,1
hadoop-yarn-project/hadoop-yarn/hadoop-yarn-applications/hadoop-yarn-services/hadoop-yarn-services-core/src/main/java/org/apache/hadoop/yarn/service/provider/docker/DockerClientProvider.java,1
hadoop-yarn-project/hadoop-yarn/hadoop-yarn-applications/hadoop-yarn-services/hadoop-yarn-services-core/src/main/java/org/apache/hadoop/yarn/service/provider/tarball/TarballClientProvider.java,1
hadoop-yarn-project/hadoop-yarn/hadoop-yarn-applications/hadoop-yarn-services/hadoop-yarn-services-core/src/test/java/org/apache/hadoop/yarn/service/providers/TestAbstractClientProvider.java,1
hadoop-yarn-project/hadoop-yarn/hadoop-yarn-applications/hadoop-yarn-services/hadoop-yarn-services-core/src/test/java/org/apache/hadoop/yarn/service/providers/TestDefaultClientProvider.java,1
hadoop-tools/hadoop-sls/src/main/java/org/apache/hadoop/yarn/sls/nodemanager/NodeInfo.java,1
hadoop-tools/hadoop-sls/src/main/java/org/apache/hadoop/yarn/sls/scheduler/RMNodeWrapper.java,1
hadoop-yarn-project/hadoop-yarn/hadoop-yarn-server/hadoop-yarn-server-resourcemanager/src/main/java/org/apache/hadoop/yarn/server/resourcemanager/rmcontainer/RMContainerImpl.java,2
hadoop-yarn-project/hadoop-yarn/hadoop-yarn-server/hadoop-yarn-server-resourcemanager/src/main/java/org/apache/hadoop/yarn/server/resourcemanager/rmnode/RMNode.java,1
hadoop-yarn-project/hadoop-yarn/hadoop-yarn-server/hadoop-yarn-server-resourcemanager/src/main/java/org/apache/hadoop/yarn/server/resourcemanager/rmnode/RMNodeImpl.java,2
hadoop-yarn-project/hadoop-yarn/hadoop-yarn-server/hadoop-yarn-server-resourcemanager/src/main/java/org/apache/hadoop/yarn/server/resourcemanager/scheduler/SchedulerNode.java,1
hadoop-yarn-project/hadoop-yarn/hadoop-yarn-server/hadoop-yarn-server-resourcemanager/src/test/java/org/apache/hadoop/yarn/server/resourcemanager/MockNodes.java,1
hadoop-yarn-project/hadoop-yarn/hadoop-yarn-server/hadoop-yarn-server-resourcemanager/src/test/java/org/apache/hadoop/yarn/server/resourcemanager/rmcontainer/TestRMContainerImpl.java,1
hadoop-yarn-project/hadoop-yarn/hadoop-yarn-server/hadoop-yarn-server-resourcemanager/src/test/java/org/apache/hadoop/yarn/server/resourcemanager/scheduler/TestAbstractYarnScheduler.java,1
hadoop-yarn-project/hadoop-yarn/hadoop-yarn-applications/hadoop-yarn-services/hadoop-yarn-services-core/src/test/java/org/apache/hadoop/yarn/service/client/TestServiceCLI.java,1
hadoop-yarn-project/hadoop-yarn/hadoop-yarn-common/pom.xml,1
hadoop-yarn-project/hadoop-yarn/hadoop-yarn-common/src/main/java/org/apache/hadoop/yarn/logaggregation/AggregatedLogFormat.java,1
hadoop-yarn-project/hadoop-yarn/hadoop-yarn-common/src/main/java/org/apache/hadoop/yarn/logaggregation/filecontroller/LogAggregationDFSException.java,1
hadoop-yarn-project/hadoop-yarn/hadoop-yarn-common/src/main/java/org/apache/hadoop/yarn/logaggregation/filecontroller/LogAggregationFileController.java,1
hadoop-yarn-project/hadoop-yarn/hadoop-yarn-common/src/main/java/org/apache/hadoop/yarn/logaggregation/filecontroller/tfile/LogAggregationTFileController.java,1
hadoop-yarn-project/hadoop-yarn/hadoop-yarn-common/src/test/java/org/apache/hadoop/yarn/logaggregation/TestContainerLogsUtils.java,1
hadoop-yarn-project/hadoop-yarn/hadoop-yarn-server/hadoop-yarn-server-nodemanager/src/main/java/org/apache/hadoop/yarn/server/nodemanager/containermanager/logaggregation/AppLogAggregatorImpl.java,1
hadoop-yarn-project/hadoop-yarn/hadoop-yarn-server/hadoop-yarn-server-nodemanager/src/test/java/org/apache/hadoop/yarn/server/nodemanager/containermanager/logaggregation/TestAppLogAggregatorImpl.java,1
hadoop-yarn-project/hadoop-yarn/hadoop-yarn-server/hadoop-yarn-server-nodemanager/src/test/java/org/apache/hadoop/yarn/server/nodemanager/webapp/TestNMWebServices.java,1
hadoop-yarn-project/hadoop-yarn/hadoop-yarn-server/hadoop-yarn-server-resourcemanager/src/main/java/org/apache/hadoop/yarn/server/resourcemanager/scheduler/capacity/CapacityScheduler.java,3
hadoop-yarn-project/hadoop-yarn/hadoop-yarn-server/hadoop-yarn-server-resourcemanager/src/main/java/org/apache/hadoop/yarn/server/resourcemanager/scheduler/capacity/ParentQueue.java,2
hadoop-yarn-project/hadoop-yarn/hadoop-yarn-server/hadoop-yarn-server-resourcemanager/src/main/java/org/apache/hadoop/yarn/server/resourcemanager/scheduler/capacity/allocator/AbstractContainerAllocator.java,1
hadoop-yarn-project/hadoop-yarn/hadoop-yarn-server/hadoop-yarn-server-resourcemanager/src/main/java/org/apache/hadoop/yarn/server/resourcemanager/scheduler/common/fica/FiCaSchedulerApp.java,2
hadoop-common-project/hadoop-common/src/main/java/org/apache/hadoop/ha/ActiveStandbyElector.java,1
hadoop-common-project/hadoop-common/src/main/java/org/apache/hadoop/ha/ZKFailoverController.java,1
hadoop-yarn-project/hadoop-yarn/hadoop-yarn-server/hadoop-yarn-server-resourcemanager/src/test/java/org/apache/hadoop/yarn/server/resourcemanager/TestRMEmbeddedElector.java,1
hadoop-yarn-project/hadoop-yarn/hadoop-yarn-server/hadoop-yarn-server-resourcemanager/src/main/java/org/apache/hadoop/yarn/server/resourcemanager/webapp/dao/ClusterMetricsInfo.java,1
hadoop-hdfs-project/hadoop-hdfs-rbf/src/main/java/org/apache/hadoop/hdfs/server/federation/store/driver/impl/StateStoreZooKeeperImpl.java,1
hadoop-yarn-project/hadoop-yarn/hadoop-yarn-server/hadoop-yarn-server-common/src/main/java/org/apache/hadoop/yarn/server/federation/store/impl/ZookeeperFederationStateStore.java,1
hadoop-yarn-project/hadoop-yarn/hadoop-yarn-server/hadoop-yarn-server-resourcemanager/src/main/java/org/apache/hadoop/yarn/server/resourcemanager/recovery/ZKRMStateStore.java,1
hadoop-yarn-project/hadoop-yarn/hadoop-yarn-server/hadoop-yarn-server-resourcemanager/src/main/java/org/apache/hadoop/yarn/server/resourcemanager/scheduler/capacity/conf/ZKConfigurationStore.java,1
hadoop-yarn-project/hadoop-yarn/hadoop-yarn-server/hadoop-yarn-server-resourcemanager/src/test/java/org/apache/hadoop/yarn/server/resourcemanager/recovery/TestZKRMStateStore.java,1
hadoop-yarn-project/hadoop-yarn/hadoop-yarn-server/hadoop-yarn-server-resourcemanager/src/test/java/org/apache/hadoop/yarn/server/resourcemanager/recovery/TestZKRMStateStoreZKClientConnections.java,1
hadoop-yarn-project/hadoop-yarn/hadoop-yarn-applications/hadoop-yarn-services/hadoop-yarn-services-core/src/main/java/org/apache/hadoop/yarn/service/ServiceMaster.java,1
hadoop-yarn-project/hadoop-yarn/hadoop-yarn-server/hadoop-yarn-server-resourcemanager/src/main/java/org/apache/hadoop/yarn/server/resourcemanager/scheduler/placement/SingleConstraintAppPlacementAllocator.java,2
hadoop-yarn-project/hadoop-yarn/hadoop-yarn-server/hadoop-yarn-server-resourcemanager/src/test/java/org/apache/hadoop/yarn/server/resourcemanager/scheduler/capacity/TestSchedulingRequestContainerAllocation.java,1
hadoop-hdfs-project/hadoop-hdfs-client/src/main/java/org/apache/hadoop/hdfs/protocolPB/PBHelperClient.java,2
hadoop-hdfs-project/hadoop-hdfs/src/test/java/org/apache/hadoop/hdfs/server/datanode/TestDataNodeFaultInjector.java,1
hadoop-yarn-project/hadoop-yarn/hadoop-yarn-client/src/main/java/org/apache/hadoop/yarn/client/api/impl/YarnClientImpl.java,1
hadoop-yarn-project/hadoop-yarn/hadoop-yarn-client/src/test/java/org/apache/hadoop/yarn/client/api/impl/TestYarnClient.java,1
hadoop-hdfs-project/hadoop-hdfs-client/dev-support/findbugsExcludeFile.xml,1
hadoop-hdfs-project/hadoop-hdfs-client/src/main/java/org/apache/hadoop/hdfs/protocol/DatanodeID.java,1
hadoop-hdfs-project/hadoop-hdfs/src/test/java/org/apache/hadoop/hdfs/server/datanode/TestDataXceiverBackwardsCompat.java,1
hadoop-common-project/hadoop-common/src/main/java/org/apache/hadoop/conf/Configuration.java,1
hadoop-common-project/hadoop-common/src/test/java/org/apache/hadoop/conf/TestConfiguration.java,1
hadoop-yarn-project/hadoop-yarn/hadoop-yarn-applications/hadoop-yarn-services/hadoop-yarn-services-core/src/main/java/org/apache/hadoop/yarn/service/UpgradeComponentsFinder.java,1
hadoop-yarn-project/hadoop-yarn/hadoop-yarn-applications/hadoop-yarn-services/hadoop-yarn-services-core/src/test/java/org/apache/hadoop/yarn/service/TestDefaultUpgradeComponentsFinder.java,1
hadoop-tools/hadoop-aws/src/main/java/org/apache/hadoop/fs/s3a/S3AInstrumentation.java,1
hadoop-tools/hadoop-aws/src/test/java/org/apache/hadoop/fs/s3a/ITestS3AMetrics.java,1
hadoop-yarn-project/hadoop-yarn/hadoop-yarn-ui/src/main/webapp/app/utils/href-address-utils.js,1
hadoop-yarn-project/hadoop-yarn/hadoop-yarn-ui/src/main/webapp/app/controllers/yarn-tools.js,1
hadoop-yarn-project/hadoop-yarn/hadoop-yarn-ui/src/main/webapp/app/helpers/node-menu.js,1
hadoop-yarn-project/hadoop-yarn/hadoop-yarn-ui/src/main/webapp/app/templates/cluster-overview.hbs,1
hadoop-yarn-project/hadoop-yarn/hadoop-yarn-ui/src/main/webapp/app/templates/components/node-menu-panel.hbs,1
hadoop-yarn-project/hadoop-yarn/hadoop-yarn-ui/src/main/webapp/app/templates/components/yarn-queue/capacity-queue-info.hbs,1
hadoop-yarn-project/hadoop-yarn/hadoop-yarn-ui/src/main/webapp/app/templates/components/yarn-queue/capacity-queue.hbs,1
hadoop-yarn-project/hadoop-yarn/hadoop-yarn-ui/src/main/webapp/app/templates/components/yarn-queue/fair-queue-info.hbs,1
hadoop-yarn-project/hadoop-yarn/hadoop-yarn-ui/src/main/webapp/app/templates/components/yarn-queue/fair-queue.hbs,1
hadoop-yarn-project/hadoop-yarn/hadoop-yarn-ui/src/main/webapp/app/templates/yarn-tools.hbs,1
hadoop-yarn-project/hadoop-yarn/hadoop-yarn-server/hadoop-yarn-server-resourcemanager/src/main/java/org/apache/hadoop/yarn/server/resourcemanager/scheduler/fair/allocation/AllocationFileQueueParser.java,1
hadoop-yarn-project/hadoop-yarn/hadoop-yarn-server/hadoop-yarn-server-resourcemanager/src/test/java/org/apache/hadoop/yarn/server/resourcemanager/scheduler/fair/TestAllocationFileLoaderService.java,1
hadoop-yarn-project/hadoop-yarn/hadoop-yarn-ui/src/main/webapp/app/controllers/yarn-app-attempt.js,1
hadoop-yarn-project/hadoop-yarn/hadoop-yarn-ui/src/main/webapp/app/controllers/yarn-app.js,1
hadoop-common-project/hadoop-common/src/main/java/org/apache/hadoop/security/UserGroupInformation.java,1
hadoop-yarn-project/hadoop-yarn/hadoop-yarn-ui/src/main/webapp/app/controllers/yarn-nodes/table.js,1
hadoop-yarn-project/hadoop-yarn/hadoop-yarn-server/hadoop-yarn-server-nodemanager/src/main/java/org/apache/hadoop/yarn/server/nodemanager/DirectoryCollection.java,1
hadoop-project/src/site/site.xml,1
hadoop-common-project/hadoop-common/src/main/java/org/apache/hadoop/crypto/key/KeyShell.java,1
hadoop-yarn-project/hadoop-yarn/hadoop-yarn-applications/hadoop-yarn-applications-distributedshell/src/main/java/org/apache/hadoop/yarn/applications/distributedshell/ApplicationMaster.java,1
hadoop-yarn-project/hadoop-yarn/hadoop-yarn-applications/hadoop-yarn-applications-distributedshell/src/main/java/org/apache/hadoop/yarn/applications/distributedshell/Client.java,1
hadoop-yarn-project/hadoop-yarn/hadoop-yarn-applications/hadoop-yarn-applications-distributedshell/src/test/java/org/apache/hadoop/yarn/applications/distributedshell/TestDistributedShell.java,1
hadoop-common-project/hadoop-common/src/site/markdown/DownstreamDev.md,1
hadoop-yarn-project/hadoop-yarn/hadoop-yarn-applications/hadoop-yarn-services/hadoop-yarn-services-core/src/main/java/org/apache/hadoop/yarn/service/ServiceManager.java,1
hadoop-yarn-project/hadoop-yarn/hadoop-yarn-common/src/main/java/org/apache/hadoop/yarn/client/api/impl/FileSystemTimelineWriter.java,1
hadoop-yarn-project/hadoop-yarn/hadoop-yarn-common/src/main/java/org/apache/hadoop/yarn/nodelabels/CommonNodeLabelsManager.java,1
hadoop-yarn-project/hadoop-yarn/hadoop-yarn-common/src/main/java/org/apache/hadoop/yarn/nodelabels/NonAppendableFSNodeLabelStore.java,1
hadoop-yarn-project/hadoop-yarn/hadoop-yarn-common/src/main/java/org/apache/hadoop/yarn/security/ConfiguredYarnAuthorizer.java,1
hadoop-yarn-project/hadoop-yarn/hadoop-yarn-server/hadoop-yarn-server-applicationhistoryservice/src/main/java/org/apache/hadoop/yarn/server/timeline/LeveldbTimelineStore.java,1
hadoop-yarn-project/hadoop-yarn/hadoop-yarn-server/hadoop-yarn-server-nodemanager/src/main/java/org/apache/hadoop/yarn/server/nodemanager/ContainerExecutor.java,1
hadoop-yarn-project/hadoop-yarn/hadoop-yarn-server/hadoop-yarn-server-nodemanager/src/main/java/org/apache/hadoop/yarn/server/nodemanager/containermanager/linux/resources/CGroupsHandlerImpl.java,1
hadoop-yarn-project/hadoop-yarn/hadoop-yarn-server/hadoop-yarn-server-nodemanager/src/main/java/org/apache/hadoop/yarn/server/nodemanager/containermanager/localizer/LocalizedResource.java,1
hadoop-yarn-project/hadoop-yarn/hadoop-yarn-server/hadoop-yarn-server-nodemanager/src/test/java/org/apache/hadoop/yarn/server/nodemanager/containermanager/logaggregation/TestLogAggregationService.java,1
hadoop-yarn-project/hadoop-yarn/hadoop-yarn-server/hadoop-yarn-server-resourcemanager/src/main/java/org/apache/hadoop/yarn/server/resourcemanager/monitor/capacity/FifoCandidatesSelector.java,1
hadoop-yarn-project/hadoop-yarn/hadoop-yarn-server/hadoop-yarn-server-resourcemanager/src/main/java/org/apache/hadoop/yarn/server/resourcemanager/monitor/capacity/IntraQueueCandidatesSelector.java,1
hadoop-yarn-project/hadoop-yarn/hadoop-yarn-server/hadoop-yarn-server-resourcemanager/src/main/java/org/apache/hadoop/yarn/server/resourcemanager/monitor/capacity/ProportionalCapacityPreemptionPolicy.java,1
hadoop-yarn-project/hadoop-yarn/hadoop-yarn-server/hadoop-yarn-server-resourcemanager/src/main/java/org/apache/hadoop/yarn/server/resourcemanager/nodelabels/NodeAttributesManagerImpl.java,1
hadoop-yarn-project/hadoop-yarn/hadoop-yarn-server/hadoop-yarn-server-resourcemanager/src/main/java/org/apache/hadoop/yarn/server/resourcemanager/nodelabels/RMNodeLabelsManager.java,1
hadoop-yarn-project/hadoop-yarn/hadoop-yarn-server/hadoop-yarn-server-resourcemanager/src/main/java/org/apache/hadoop/yarn/server/resourcemanager/scheduler/AbstractResourceUsage.java,1
hadoop-yarn-project/hadoop-yarn/hadoop-yarn-server/hadoop-yarn-server-resourcemanager/src/main/java/org/apache/hadoop/yarn/server/resourcemanager/scheduler/AbstractYarnScheduler.java,1
hadoop-yarn-project/hadoop-yarn/hadoop-yarn-server/hadoop-yarn-server-resourcemanager/src/main/java/org/apache/hadoop/yarn/server/resourcemanager/scheduler/AppSchedulingInfo.java,1
hadoop-yarn-project/hadoop-yarn/hadoop-yarn-server/hadoop-yarn-server-resourcemanager/src/main/java/org/apache/hadoop/yarn/server/resourcemanager/scheduler/ResourceUsage.java,1
hadoop-yarn-project/hadoop-yarn/hadoop-yarn-server/hadoop-yarn-server-resourcemanager/src/main/java/org/apache/hadoop/yarn/server/resourcemanager/scheduler/capacity/AbstractAutoCreatedLeafQueue.java,1
hadoop-yarn-project/hadoop-yarn/hadoop-yarn-server/hadoop-yarn-server-resourcemanager/src/main/java/org/apache/hadoop/yarn/server/resourcemanager/scheduler/capacity/AbstractCSQueue.java,1
hadoop-yarn-project/hadoop-yarn/hadoop-yarn-server/hadoop-yarn-server-resourcemanager/src/main/java/org/apache/hadoop/yarn/server/resourcemanager/scheduler/capacity/AbstractManagedParentQueue.java,1
hadoop-yarn-project/hadoop-yarn/hadoop-yarn-server/hadoop-yarn-server-resourcemanager/src/main/java/org/apache/hadoop/yarn/server/resourcemanager/scheduler/capacity/AutoCreatedLeafQueue.java,1
hadoop-yarn-project/hadoop-yarn/hadoop-yarn-server/hadoop-yarn-server-resourcemanager/src/main/java/org/apache/hadoop/yarn/server/resourcemanager/scheduler/capacity/LeafQueue.java,1
hadoop-yarn-project/hadoop-yarn/hadoop-yarn-server/hadoop-yarn-server-resourcemanager/src/main/java/org/apache/hadoop/yarn/server/resourcemanager/scheduler/capacity/ManagedParentQueue.java,1
hadoop-yarn-project/hadoop-yarn/hadoop-yarn-server/hadoop-yarn-server-resourcemanager/src/main/java/org/apache/hadoop/yarn/server/resourcemanager/scheduler/capacity/PlanQueue.java,1
hadoop-yarn-project/hadoop-yarn/hadoop-yarn-server/hadoop-yarn-server-resourcemanager/src/main/java/org/apache/hadoop/yarn/server/resourcemanager/scheduler/capacity/QueueCapacities.java,1
hadoop-yarn-project/hadoop-yarn/hadoop-yarn-server/hadoop-yarn-server-resourcemanager/src/main/java/org/apache/hadoop/yarn/server/resourcemanager/scheduler/capacity/ReservationQueue.java,1
hadoop-yarn-project/hadoop-yarn/hadoop-yarn-server/hadoop-yarn-server-resourcemanager/src/main/java/org/apache/hadoop/yarn/server/resourcemanager/scheduler/capacity/UsersManager.java,1
hadoop-yarn-project/hadoop-yarn/hadoop-yarn-server/hadoop-yarn-server-resourcemanager/src/main/java/org/apache/hadoop/yarn/server/resourcemanager/scheduler/capacity/preemption/PreemptionManager.java,1
hadoop-yarn-project/hadoop-yarn/hadoop-yarn-server/hadoop-yarn-server-resourcemanager/src/main/java/org/apache/hadoop/yarn/server/resourcemanager/scheduler/capacity/queuemanagement/GuaranteedOrZeroCapacityOverTimePolicy.java,1
hadoop-yarn-project/hadoop-yarn/hadoop-yarn-server/hadoop-yarn-server-resourcemanager/src/main/java/org/apache/hadoop/yarn/server/resourcemanager/scheduler/constraint/MemoryPlacementConstraintManager.java,1
hadoop-yarn-project/hadoop-yarn/hadoop-yarn-server/hadoop-yarn-server-resourcemanager/src/main/java/org/apache/hadoop/yarn/server/resourcemanager/scheduler/fair/FSAppAttempt.java,1
hadoop-yarn-project/hadoop-yarn/hadoop-yarn-server/hadoop-yarn-server-resourcemanager/src/main/java/org/apache/hadoop/yarn/server/resourcemanager/scheduler/fifo/FifoAppAttempt.java,1
hadoop-yarn-project/hadoop-yarn/hadoop-yarn-server/hadoop-yarn-server-resourcemanager/src/main/java/org/apache/hadoop/yarn/server/resourcemanager/scheduler/placement/LocalityAppPlacementAllocator.java,1
hadoop-yarn-project/hadoop-yarn/hadoop-yarn-server/hadoop-yarn-server-resourcemanager/src/main/java/org/apache/hadoop/yarn/server/resourcemanager/security/NMTokenSecretManagerInRM.java,1
hadoop-yarn-project/hadoop-yarn/hadoop-yarn-server/hadoop-yarn-server-resourcemanager/src/main/java/org/apache/hadoop/yarn/server/resourcemanager/volume/csi/lifecycle/VolumeImpl.java,1
hadoop-common-project/hadoop-common/src/main/java/org/apache/hadoop/net/NetUtils.java,1
hadoop-common-project/hadoop-common/src/main/java/org/apache/hadoop/fs/viewfs/ViewFileSystem.java,1
hadoop-common-project/hadoop-common/src/main/java/org/apache/hadoop/fs/viewfs/ViewFs.java,1
hadoop-common-project/hadoop-common/src/main/java/org/apache/hadoop/fs/shell/CopyCommands.java,1
hadoop-common-project/hadoop-common/src/test/java/org/apache/hadoop/fs/shell/TestCopyPreserveFlag.java,1
hadoop-hdfs-project/hadoop-hdfs-rbf/src/main/webapps/router/federationhealth.html,1
hadoop-hdfs-project/hadoop-hdfs/src/main/webapps/datanode/datanode.html,1
hadoop-hdfs-project/hadoop-hdfs/src/main/webapps/hdfs/dfshealth.html,1
hadoop-hdfs-project/hadoop-hdfs/src/main/webapps/hdfs/explorer.html,1
hadoop-hdfs-project/hadoop-hdfs/src/main/webapps/journal/index.html,1
hadoop-hdfs-project/hadoop-hdfs/src/main/webapps/static/dfs-dust.js,1
hadoop-yarn-project/hadoop-yarn/hadoop-yarn-server/hadoop-yarn-server-resourcemanager/src/test/java/org/apache/hadoop/yarn/server/resourcemanager/scheduler/fair/FakeSchedulable.java,1
hadoop-yarn-project/hadoop-yarn/hadoop-yarn-server/hadoop-yarn-server-resourcemanager/src/test/java/org/apache/hadoop/yarn/server/resourcemanager/scheduler/fair/policies/TestDominantResourceFairnessPolicy.java,1
hadoop-hdfs-project/hadoop-hdfs/src/site/markdown/HdfsProvidedStorage.md,1
hadoop-yarn-project/hadoop-yarn/hadoop-yarn-site/src/site/markdown/PlacementConstraints.md.vm,2
hadoop-yarn-project/hadoop-yarn/hadoop-yarn-applications/hadoop-yarn-services/hadoop-yarn-services-core/src/main/java/org/apache/hadoop/yarn/service/api/records/Artifact.java,1
hadoop-yarn-project/hadoop-yarn/hadoop-yarn-applications/hadoop-yarn-services/hadoop-yarn-services-core/src/main/java/org/apache/hadoop/yarn/service/api/records/Component.java,1
hadoop-yarn-project/hadoop-yarn/hadoop-yarn-applications/hadoop-yarn-services/hadoop-yarn-services-core/src/main/java/org/apache/hadoop/yarn/service/api/records/ConfigFile.java,1
hadoop-yarn-project/hadoop-yarn/hadoop-yarn-applications/hadoop-yarn-services/hadoop-yarn-services-core/src/main/java/org/apache/hadoop/yarn/service/api/records/Configuration.java,1
hadoop-yarn-project/hadoop-yarn/hadoop-yarn-applications/hadoop-yarn-services/hadoop-yarn-services-core/src/main/java/org/apache/hadoop/yarn/service/api/records/Container.java,1
hadoop-yarn-project/hadoop-yarn/hadoop-yarn-applications/hadoop-yarn-services/hadoop-yarn-services-core/src/main/java/org/apache/hadoop/yarn/service/api/records/Error.java,1
hadoop-yarn-project/hadoop-yarn/hadoop-yarn-applications/hadoop-yarn-services/hadoop-yarn-services-core/src/main/java/org/apache/hadoop/yarn/service/api/records/KerberosPrincipal.java,1
hadoop-yarn-project/hadoop-yarn/hadoop-yarn-applications/hadoop-yarn-services/hadoop-yarn-services-core/src/main/java/org/apache/hadoop/yarn/service/api/records/PlacementConstraint.java,1
hadoop-yarn-project/hadoop-yarn/hadoop-yarn-applications/hadoop-yarn-services/hadoop-yarn-services-core/src/main/java/org/apache/hadoop/yarn/service/api/records/PlacementPolicy.java,1
hadoop-yarn-project/hadoop-yarn/hadoop-yarn-applications/hadoop-yarn-services/hadoop-yarn-services-core/src/main/java/org/apache/hadoop/yarn/service/api/records/PlacementScope.java,1
hadoop-yarn-project/hadoop-yarn/hadoop-yarn-applications/hadoop-yarn-services/hadoop-yarn-services-core/src/main/java/org/apache/hadoop/yarn/service/api/records/PlacementType.java,1
hadoop-yarn-project/hadoop-yarn/hadoop-yarn-applications/hadoop-yarn-services/hadoop-yarn-services-core/src/main/java/org/apache/hadoop/yarn/service/api/records/ReadinessCheck.java,1
hadoop-yarn-project/hadoop-yarn/hadoop-yarn-applications/hadoop-yarn-services/hadoop-yarn-services-core/src/main/java/org/apache/hadoop/yarn/service/api/records/Resource.java,1
hadoop-yarn-project/hadoop-yarn/hadoop-yarn-applications/hadoop-yarn-services/hadoop-yarn-services-core/src/main/java/org/apache/hadoop/yarn/service/api/records/ResourceInformation.java,1
hadoop-yarn-project/hadoop-yarn/hadoop-yarn-applications/hadoop-yarn-services/hadoop-yarn-services-core/src/main/java/org/apache/hadoop/yarn/service/api/records/Service.java,1
hadoop-yarn-project/hadoop-yarn/hadoop-yarn-applications/hadoop-yarn-services/hadoop-yarn-services-core/src/main/java/org/apache/hadoop/yarn/service/api/records/ServiceState.java,1
hadoop-yarn-project/hadoop-yarn/hadoop-yarn-applications/hadoop-yarn-services/hadoop-yarn-services-core/src/main/java/org/apache/hadoop/yarn/service/api/records/ServiceStatus.java,1
hadoop-tools/hadoop-sls/src/site/markdown/SchedulerLoadSimulator.md,1
hadoop-hdfs-project/hadoop-hdfs/src/test/java/org/apache/hadoop/hdfs/server/namenode/TestEditLogRace.java,1
hadoop-hdfs-project/hadoop-hdfs/src/test/java/org/apache/hadoop/hdfs/server/namenode/metrics/TestNameNodeMetrics.java,1
hadoop-mapreduce-project/hadoop-mapreduce-client/hadoop-mapreduce-client-core/src/test/java/org/apache/hadoop/mapreduce/lib/output/TestFileOutputCommitter.java,1
hadoop-mapreduce-project/hadoop-mapreduce-client/hadoop-mapreduce-client-core/src/test/java/org/apache/hadoop/mapreduce/jobhistory/TestHistoryViewerPrinter.java,1
hadoop-yarn-project/hadoop-yarn/hadoop-yarn-common/src/main/java/org/apache/hadoop/yarn/util/DockerClientConfigHandler.java,1
hadoop-common-project/hadoop-common/src/main/java/org/apache/hadoop/service/launcher/IrqHandler.java,1
hadoop-hdfs-project/hadoop-hdfs/src/site/markdown/ArchivalStorage.md,1
hadoop-hdfs-project/hadoop-hdfs/src/site/markdown/MemoryStorage.md,1
hadoop-common-project/hadoop-common/src/site/markdown/Metrics.md,1
hadoop-hdfs-project/hadoop-hdfs/src/main/java/org/apache/hadoop/hdfs/server/blockmanagement/BlockPlacementPolicyDefault.java,1
